runsec, runcounter, lognr, logsec, runtime, logfreq, genfreq, row, column, size, lower, upper, table, threads, model, cache, cpu, cpuquota, cpuperiod, cpuusage, memusage, memlimit, gen, drop, proc, dup, duphash, duptable, duprbtree, dupbstree, thread0, cpucore0, cpufreq0, thread1, cpucore1, cpufreq1, thread2, cpucore2, cpufreq2, thread3, cpucore3, cpufreq3, thread4, cpucore4, cpufreq4, thread5, cpucore5, cpufreq5, thread6, cpucore6, cpufreq6, thread7, cpucore7, cpufreq7, thread8, cpucore8, cpufreq8, thread9, cpucore9, cpufreq9, thread10, cpucore10, cpufreq10, thread11, cpucore11, cpufreq11, thread12, cpucore12, cpufreq12, thread13, cpucore13, cpufreq13, thread14, cpucore14, cpufreq14, thread15, cpucore15, cpufreq15, thread16, cpucore16, cpufreq16, thread17, cpucore17, cpufreq17, thread18, cpucore18, cpufreq18, thread19, cpucore19, cpufreq19
1, 0, 000031, 000031, 10, 1, 1, 2, 4, 8, 10, 99, 16384, 4,  Intel(R) Xeon(R) Gold 6258R CPU @ 2.70GHz,  39424,  28, -1, 100000, 773580585180180, 34837534310, 9223372036854771712, 00657816, 00657546, 00000063, 00000000, 00000000, 00000000, 00000000, 00000000, 007, 2, 2700.000, 007, 3, 2700.000, 007, 4, 2700.000, 007, 5, 2699.999, , , , , , , , , , , , , , , , , , , , , , , , , , , , , , , , , , , , , , , , , , , , , , , , 
0, 1, 000042, 000042, 10, 1, 1, 2, 4, 8, 10, 99, 16384, 4,  Intel(R) Xeon(R) Gold 6258R CPU @ 2.70GHz,  39424,  28, -1, 100000, 773639669665837, 34838334668, 9223372036854771712, 00656828, 00656555, 00000060, 00000000, 00000000, 00000000, 00000000, 00000000, 007, 2, 2699.999, 007, 3, 2700.000, 007, 4, 2700.000, 007, 5, 2700.000, , , , , , , , , , , , , , , , , , , , , , , , , , , , , , , , , , , , , , , , , , , , , , , , 
1, 2, 000042, 000042, 10, 1, 1, 2, 4, 8, 10, 99, 16384, 5,  Intel(R) Xeon(R) Gold 6258R CPU @ 2.70GHz,  39424,  28, -1, 100000, 773913800882867, 34838969548, 9223372036854771712, 00656761, 00656414, 00000064, 00000000, 00000000, 00000000, 00000000, 00000000, 007, 2, 2700.000, 007, 3, 2700.000, 007, 4, 2699.999, 007, 5, 2699.999, 007, 6, 2700.000, , , , , , , , , , , , , , , , , , , , , , , , , , , , , , , , , , , , , , , , , , , , , 
0, 3, 000053, 000053, 10, 1, 1, 2, 4, 8, 10, 99, 16384, 5,  Intel(R) Xeon(R) Gold 6258R CPU @ 2.70GHz,  39424,  28, -1, 100000, 773984821154409, 34839757209, 9223372036854771712, 00657421, 00722995, 00000060, 00000000, 00000000, 00000000, 00000000, 00000000, 007, 2, 2700.000, 007, 3, 2700.000, 007, 4, 2699.999, 007, 5, 2700.000, 007, 6, 2700.000, , , , , , , , , , , , , , , , , , , , , , , , , , , , , , , , , , , , , , , , , , , , , 
1, 4, 000034, 000034, 10, 1, 1, 2, 4, 8, 10, 99, 16384, 6,  Intel(R) Xeon(R) Gold 6258R CPU @ 2.70GHz,  39424,  28, -1, 100000, 774246064998808, 34838363750, 9223372036854771712, 00657364, 00656951, 00000132, 00000000, 00000000, 00000000, 00000000, 00000000, 007, 2, 2699.999, 007, 3, 2699.999, 007, 4, 2699.999, 007, 5, 2700.000, 007, 6, 2700.000, 007, 7, 2699.999, , , , , , , , , , , , , , , , , , , , , , , , , , , , , , , , , , , , , , , , , , 
0, 5, 000045, 000045, 10, 1, 1, 2, 4, 8, 10, 99, 16384, 6,  Intel(R) Xeon(R) Gold 6258R CPU @ 2.70GHz,  39424,  28, -1, 100000, 774328781943220, 34839542988, 9223372036854771712, 00656215, 00655795, 00000132, 00000000, 00000000, 00000000, 00000000, 00000000, 007, 2, 2700.000, 007, 3, 2700.000, 007, 4, 2699.999, 007, 5, 2700.000, 007, 6, 2699.999, 007, 7, 2700.000, , , , , , , , , , , , , , , , , , , , , , , , , , , , , , , , , , , , , , , , , , 
1, 6, 000026, 000026, 10, 1, 1, 2, 4, 8, 10, 99, 16384, 7,  Intel(R) Xeon(R) Gold 6258R CPU @ 2.70GHz,  39424,  28, -1, 100000, 774560279848898, 34838725836, 9223372036854771712, 00658245, 00657775, 00000127, 00000000, 00000000, 00000000, 00000000, 00000000, 007, 2, 2700.001, 007, 3, 2699.999, 007, 4, 2699.999, 007, 5, 2700.000, 007, 6, 2699.999, 007, 7, 2700.000, 007, 8, 2699.999, , , , , , , , , , , , , , , , , , , , , , , , , , , , , , , , , , , , , , , 
0, 7, 000037, 000037, 10, 1, 1, 2, 4, 8, 10, 99, 16384, 7,  Intel(R) Xeon(R) Gold 6258R CPU @ 2.70GHz,  39424,  28, -1, 100000, 774654939508868, 34839671193, 9223372036854771712, 00656606, 00656134, 00000123, 00000000, 00000000, 00000000, 00000000, 00000000, 007, 2, 2699.999, 007, 3, 2700.000, 007, 4, 2700.000, 007, 5, 2699.999, 007, 6, 2700.000, 007, 7, 2699.999, 007, 8, 2699.999, , , , , , , , , , , , , , , , , , , , , , , , , , , , , , , , , , , , , , , 
1, 8, 000030, 000030, 10, 1, 1, 2, 4, 8, 10, 99, 16384, 8,  Intel(R) Xeon(R) Gold 6258R CPU @ 2.70GHz,  39424,  28, -1, 100000, 774954676344085, 34839457382, 9223372036854771712, 00650554, 00649982, 00000136, 00000000, 00000000, 00000000, 00000000, 00000000, 007, 2, 2700.000, 007, 3, 2700.000, 007, 4, 2699.999, 007, 5, 2700.000, 007, 6, 2700.000, 007, 7, 2699.999, 007, 8, 2700.000, 007, 9, 2700.000, , , , , , , , , , , , , , , , , , , , , , , , , , , , , , , , , , , , 
0, 9, 000041, 000041, 10, 1, 1, 2, 4, 8, 10, 99, 16384, 8,  Intel(R) Xeon(R) Gold 6258R CPU @ 2.70GHz,  39424,  28, -1, 100000, 775061231368591, 34840448204, 9223372036854771712, 00646331, 00645779, 00000132, 00000000, 00000000, 00000000, 00000000, 00000000, 007, 2, 2700.000, 007, 3, 2700.000, 007, 4, 2700.000, 007, 5, 2699.999, 007, 6, 2700.000, 007, 7, 2700.000, 007, 8, 2700.000, 007, 9, 2699.999, , , , , , , , , , , , , , , , , , , , , , , , , , , , , , , , , , , , 
1, 10, 000028, 000028, 10, 1, 1, 2, 4, 8, 10, 99, 16384, 9,  Intel(R) Xeon(R) Gold 6258R CPU @ 2.70GHz,  39424,  28, -1, 100000, 775373685019694, 34839520460, 9223372036854771712, 00651235, 00650610, 00000137, 00000000, 00000000, 00000000, 00000000, 00000000, 007, 2, 2700.000, 007, 3, 2699.999, 007, 4, 2700.000, 007, 5, 2700.000, 007, 6, 2700.001, 007, 7, 2699.999, 007, 8, 2699.999, 007, 9, 2700.000, 007, 10, 2699.999, , , , , , , , , , , , , , , , , , , , , , , , , , , , , , , , , 
0, 11, 000039, 000039, 10, 1, 1, 2, 4, 8, 10, 99, 16384, 9,  Intel(R) Xeon(R) Gold 6258R CPU @ 2.70GHz,  39424,  28, -1, 100000, 775492217218152, 34840662835, 9223372036854771712, 00646545, 00645936, 00000123, 00000000, 00000000, 00000000, 00000000, 00000000, 007, 2, 2700.000, 007, 3, 2700.000, 007, 4, 2699.998, 007, 5, 2700.000, 007, 6, 2700.000, 007, 7, 2700.000, 007, 8, 2700.000, 007, 9, 2700.000, 007, 10, 2700.000, , , , , , , , , , , , , , , , , , , , , , , , , , , , , , , , , 
1, 12, 000019, 000019, 10, 1, 1, 2, 4, 8, 10, 99, 16384, 10,  Intel(R) Xeon(R) Gold 6258R CPU @ 2.70GHz,  39424,  28, -1, 100000, 775731940663723, 34838526361, 9223372036854771712, 00651036, 00650329, 00000205, 00000000, 00000000, 00000000, 00000000, 00000000, 007, 2, 2699.998, 007, 3, 2700.000, 007, 4, 2700.000, 007, 5, 2699.999, 007, 6, 2700.000, 007, 7, 2700.000, 007, 8, 2700.000, 007, 9, 2700.000, 007, 10, 2699.999, 007, 11, 2700.000, , , , , , , , , , , , , , , , , , , , , , , , , , , , , , 
0, 13, 000030, 000030, 10, 1, 1, 2, 4, 8, 10, 99, 16384, 10,  Intel(R) Xeon(R) Gold 6258R CPU @ 2.70GHz,  39424,  28, -1, 100000, 775862535183972, 34840066457, 9223372036854771712, 00647725, 00647031, 00000206, 00000000, 00000000, 00000000, 00000000, 00000000, 007, 2, 2699.999, 007, 3, 2699.999, 007, 4, 2700.000, 007, 5, 2699.999, 007, 6, 2700.000, 007, 7, 2699.999, 007, 8, 2699.999, 007, 9, 2700.000, 007, 10, 2699.999, 007, 11, 2700.000, , , , , , , , , , , , , , , , , , , , , , , , , , , , , , 
1, 14, 000031, 000031, 10, 1, 1, 2, 4, 8, 10, 99, 16384, 11,  Intel(R) Xeon(R) Gold 6258R CPU @ 2.70GHz,  39424,  28, -1, 100000, 776277154937424, 34840488345, 9223372036854771712, 00650714, 00649943, 00000217, 00000000, 00000000, 00000000, 00000000, 00000000, 007, 2, 2699.999, 007, 3, 2700.000, 007, 4, 2700.000, 007, 5, 2699.999, 007, 6, 2699.999, 007, 7, 2699.999, 007, 8, 2700.001, 007, 9, 2699.999, 007, 10, 2699.999, 007, 11, 2700.000, 007, 12, 2699.999, , , , , , , , , , , , , , , , , , , , , , , , , , , 
0, 15, 000042, 000042, 10, 1, 1, 2, 4, 8, 10, 99, 16384, 11,  Intel(R) Xeon(R) Gold 6258R CPU @ 2.70GHz,  39424,  28, -1, 100000, 776419748567816, 34841610240, 9223372036854771712, 00645549, 00644758, 00000203, 00000000, 00000000, 00000000, 00000000, 00000000, 007, 2, 2700.000, 007, 3, 2700.000, 007, 4, 2700.000, 007, 5, 2700.000, 007, 6, 2700.000, 007, 7, 2699.999, 007, 8, 2699.999, 007, 9, 2700.000, 007, 10, 2699.999, 007, 11, 2700.000, 007, 12, 2700.000, , , , , , , , , , , , , , , , , , , , , , , , , , , 
1, 16, 000028, 000028, 10, 1, 1, 2, 4, 8, 10, 99, 16384, 12,  Intel(R) Xeon(R) Gold 6258R CPU @ 2.70GHz,  39424,  28, -1, 100000, 776828166346051, 34840427315, 9223372036854771712, 00639728, 00638872, 00000211, 00000000, 00000000, 00000000, 00000000, 00000000, 007, 2, 2700.000, 007, 3, 2700.000, 007, 4, 2700.000, 007, 5, 2699.999, 007, 6, 2699.999, 007, 7, 2699.999, 007, 8, 2700.000, 007, 9, 2700.000, 007, 10, 2700.000, 007, 11, 2699.999, 007, 12, 2700.000, 007, 13, 2699.999, , , , , , , , , , , , , , , , , , , , , , , , 
0, 17, 000039, 000039, 10, 1, 1, 2, 4, 8, 10, 99, 16384, 12,  Intel(R) Xeon(R) Gold 6258R CPU @ 2.70GHz,  39424,  28, -1, 100000, 776982899364452, 34841740492, 9223372036854771712, 00631955, 00631133, 00000206, 00000000, 00000000, 00000000, 00000000, 00000000, 007, 2, 2699.999, 007, 3, 2700.000, 007, 4, 2699.999, 007, 5, 2700.000, 007, 6, 2700.000, 007, 7, 2699.999, 007, 8, 2700.000, 007, 9, 2699.999, 007, 10, 2700.000, 007, 11, 2699.999, 007, 12, 2699.999, 007, 13, 2700.000, , , , , , , , , , , , , , , , , , , , , , , , 
1, 18, 000029, 000029, 10, 1, 1, 2, 4, 8, 10, 99, 16384, 13,  Intel(R) Xeon(R) Gold 6258R CPU @ 2.70GHz,  39424,  28, -1, 100000, 777438134235292, 34840997888, 9223372036854771712, 00635061, 00634150, 00000202, 00000000, 00000000, 00000000, 00000000, 00000000, 007, 2, 2699.999, 007, 3, 2700.000, 007, 4, 2699.999, 007, 5, 2700.000, 007, 6, 2700.000, 007, 7, 2699.999, 007, 8, 2699.999, 007, 9, 2699.999, 007, 10, 2700.000, 007, 11, 2700.000, 007, 12, 2700.000, 007, 13, 2699.999, 007, 14, 2700.000, , , , , , , , , , , , , , , , , , , , , 
0, 19, 000040, 000040, 10, 1, 1, 2, 4, 8, 10, 99, 16384, 13,  Intel(R) Xeon(R) Gold 6258R CPU @ 2.70GHz,  39424,  28, -1, 100000, 777605118155098, 34842922598, 9223372036854771712, 00625585, 00624696, 00000195, 00000000, 00000000, 00000000, 00000000, 00000000, 007, 2, 2700.000, 007, 3, 2699.999, 007, 4, 2700.000, 007, 5, 2700.000, 007, 6, 2700.000, 007, 7, 2700.000, 007, 8, 2699.999, 007, 9, 2700.000, 007, 10, 2700.001, 007, 11, 2700.000, 007, 12, 2700.000, 007, 13, 2699.999, 007, 14, 2699.999, , , , , , , , , , , , , , , , , , , , , 
1, 20, 000027, 000027, 10, 1, 1, 2, 4, 8, 10, 99, 16384, 14,  Intel(R) Xeon(R) Gold 6258R CPU @ 2.70GHz,  39424,  28, -1, 100000, 778062353446052, 34841010995, 9223372036854771712, 00640397, 00639404, 00000270, 00000000, 00000000, 00000000, 00000000, 00000000, 007, 2, 2699.999, 007, 3, 2700.000, 007, 4, 2700.000, 007, 5, 2700.000, 007, 6, 2700.000, 007, 7, 2700.000, 007, 8, 2700.000, 007, 9, 2700.000, 007, 10, 2700.000, 007, 11, 2699.999, 007, 12, 2700.000, 007, 13, 2700.000, 007, 14, 2700.001, 007, 15, 2700.000, , , , , , , , , , , , , , , , , , 
0, 21, 000038, 000038, 10, 1, 1, 2, 4, 8, 10, 99, 16384, 14,  Intel(R) Xeon(R) Gold 6258R CPU @ 2.70GHz,  39424,  28, -1, 100000, 778241407264646, 34842413056, 9223372036854771712, 00632117, 00631145, 00000272, 00000000, 00000000, 00000000, 00000000, 00000000, 007, 2, 2700.000, 007, 3, 2699.999, 007, 4, 2700.000, 007, 5, 2699.999, 007, 6, 2699.999, 007, 7, 2700.000, 007, 8, 2700.000, 007, 9, 2700.000, 007, 10, 2700.000, 007, 11, 2699.999, 007, 12, 2699.999, 007, 13, 2700.000, 007, 14, 2700.000, 007, 15, 2700.000, , , , , , , , , , , , , , , , , , 
1, 22, 000022, 000022, 10, 1, 1, 2, 4, 8, 10, 99, 16384, 15,  Intel(R) Xeon(R) Gold 6258R CPU @ 2.70GHz,  39424,  28, -1, 100000, 778645157170065, 34840578867, 9223372036854771712, 00641635, 00640590, 00000270, 00000000, 00000000, 00000000, 00000000, 00000000, 007, 2, 2699.999, 007, 3, 2700.000, 007, 4, 2700.000, 007, 5, 2699.999, 007, 6, 2699.999, 007, 7, 2700.000, 007, 8, 2699.999, 007, 9, 2700.000, 007, 10, 2700.001, 007, 11, 2700.000, 007, 12, 2700.000, 007, 13, 2699.999, 007, 14, 2700.000, 007, 15, 2700.000, 007, 16, 2700.000, , , , , , , , , , , , , , , 
0, 23, 000033, 000033, 10, 1, 1, 2, 4, 8, 10, 99, 16384, 15,  Intel(R) Xeon(R) Gold 6258R CPU @ 2.70GHz,  39424,  28, -1, 100000, 778836388300870, 34842119782, 9223372036854771712, 00632615, 00631558, 00000280, 00000000, 00000000, 00000000, 00000000, 00000000, 007, 2, 2699.999, 007, 3, 2700.000, 007, 4, 2700.000, 007, 5, 2700.000, 007, 6, 2699.999, 007, 7, 2700.000, 007, 8, 2700.000, 007, 9, 2700.000, 007, 10, 2699.999, 007, 11, 2700.000, 007, 12, 2699.998, 007, 13, 2700.000, 007, 14, 2700.000, 007, 15, 2699.999, 007, 16, 2700.000, , , , , , , , , , , , , , , 
1, 24, 000021, 000021, 10, 1, 1, 2, 4, 8, 10, 99, 16384, 16,  Intel(R) Xeon(R) Gold 6258R CPU @ 2.70GHz,  39424,  28, -1, 100000, 779247859523955, 34840646041, 9223372036854771712, 00634398, 00633278, 00000275, 00000000, 00000000, 00000000, 00000000, 00000000, 007, 2, 2700.000, 007, 3, 2700.000, 007, 4, 2700.000, 007, 5, 2700.000, 007, 6, 2700.000, 007, 7, 2699.999, 007, 8, 2700.000, 007, 9, 2700.000, 007, 10, 2699.999, 007, 11, 2700.000, 007, 12, 2700.000, 007, 13, 2699.999, 007, 14, 2700.000, 007, 15, 2699.999, 007, 16, 2700.000, 007, 17, 2700.000, , , , , , , , , , , , 
0, 25, 000032, 000032, 10, 1, 1, 2, 4, 8, 10, 99, 16384, 16,  Intel(R) Xeon(R) Gold 6258R CPU @ 2.70GHz,  39424,  28, -1, 100000, 779451473210272, 34842333593, 9223372036854771712, 00616450, 00615338, 00000276, 00000000, 00000000, 00000000, 00000000, 00000000, 007, 2, 2699.999, 007, 3, 2700.000, 007, 4, 2700.000, 007, 5, 2700.000, 007, 6, 2700.000, 007, 7, 2699.999, 007, 8, 2700.000, 007, 9, 2700.000, 007, 10, 2699.999, 007, 11, 2700.000, 007, 12, 2700.000, 007, 13, 2699.999, 007, 14, 2699.999, 007, 15, 2700.000, 007, 16, 2700.000, 007, 17, 2700.000, , , , , , , , , , , , 
1, 26, 000030, 000030, 10, 1, 1, 2, 4, 8, 10, 99, 16384, 17,  Intel(R) Xeon(R) Gold 6258R CPU @ 2.70GHz,  39424,  28, -1, 100000, 780057003265379, 34842491289, 9223372036854771712, 00609477, 00608253, 00000270, 00000000, 00000000, 00000000, 00000000, 00000000, 007, 2, 2700.000, 007, 3, 2700.000, 007, 4, 2699.998, 007, 5, 2700.000, 007, 6, 2700.000, 007, 7, 2700.000, 007, 8, 2700.000, 007, 9, 2700.000, 007, 10, 2699.998, 007, 11, 2700.000, 007, 12, 2700.000, 007, 13, 2700.000, 007, 14, 2699.999, 007, 15, 2700.000, 007, 16, 2699.999, 007, 17, 2699.999, 007, 18, 2699.999, , , , , , , , , 
0, 27, 000041, 000041, 10, 1, 1, 2, 4, 8, 10, 99, 16384, 17,  Intel(R) Xeon(R) Gold 6258R CPU @ 2.70GHz,  39424,  28, -1, 100000, 780272298096300, 34844224307, 9223372036854771712, 00588081, 00586889, 00000276, 00000000, 00000000, 00000000, 00000000, 00000000, 007, 2, 2699.999, 007, 3, 2700.000, 007, 4, 2699.999, 007, 5, 2699.999, 007, 6, 2699.999, 007, 7, 2700.000, 007, 8, 2699.999, 007, 9, 2699.999, 007, 10, 2700.001, 007, 11, 2700.000, 007, 12, 2700.000, 007, 13, 2700.000, 007, 14, 2700.000, 007, 15, 2699.999, 007, 16, 2700.000, 007, 17, 2699.999, 007, 18, 2700.000, , , , , , , , , 
1, 28, 000016, 000016, 10, 1, 1, 2, 4, 8, 10, 99, 16384, 18,  Intel(R) Xeon(R) Gold 6258R CPU @ 2.70GHz,  39424,  28, -1, 100000, 780632489045309, 34840014028, 9223372036854771712, 00639564, 00638342, 00000332, 00000000, 00000000, 00000000, 00000000, 00000000, 007, 2, 2699.999, 007, 3, 2700.000, 007, 4, 2700.000, 007, 5, 2699.999, 007, 6, 2699.999, 007, 7, 2700.000, 007, 8, 2700.000, 007, 9, 2699.999, 007, 10, 2700.000, 007, 11, 2699.999, 007, 12, 2699.999, 007, 13, 2699.999, 007, 14, 2700.000, 007, 15, 2699.999, 007, 16, 2700.000, 007, 17, 2699.999, 007, 18, 2700.000, 007, 19, 2700.000, , , , , , 
0, 29, 000027, 000027, 10, 1, 1, 2, 4, 8, 10, 99, 16384, 18,  Intel(R) Xeon(R) Gold 6258R CPU @ 2.70GHz,  39424,  28, -1, 100000, 780859949376448, 34842058342, 9223372036854771712, 00625231, 00623977, 00000343, 00000000, 00000000, 00000000, 00000000, 00000000, 007, 2, 2700.000, 007, 3, 2699.999, 007, 4, 2700.001, 007, 5, 2700.000, 007, 6, 2699.999, 007, 7, 2700.000, 007, 8, 2700.000, 007, 9, 2700.000, 007, 10, 2699.999, 007, 11, 2700.000, 007, 12, 2700.000, 007, 13, 2700.000, 007, 14, 2700.000, 007, 15, 2699.999, 007, 16, 2699.999, 007, 17, 2699.999, 007, 18, 2699.999, 007, 19, 2700.000, , , , , , 
1, 30, 000021, 000021, 10, 1, 1, 2, 4, 8, 10, 99, 16384, 19,  Intel(R) Xeon(R) Gold 6258R CPU @ 2.70GHz,  39424,  28, -1, 100000, 781344783350056, 34841406668, 9223372036854771712, 00630616, 00629308, 00000338, 00000000, 00000000, 00000000, 00000000, 00000000, 007, 2, 2700.000, 007, 3, 2700.000, 007, 4, 2700.000, 007, 5, 2699.999, 007, 6, 2699.999, 007, 7, 2699.999, 007, 8, 2700.000, 007, 9, 2699.999, 007, 10, 2700.000, 007, 11, 2700.000, 007, 12, 2699.999, 007, 13, 2699.999, 007, 14, 2699.999, 007, 15, 2699.999, 007, 16, 2700.000, 007, 17, 2700.000, 007, 18, 2699.999, 007, 19, 2700.000, 007, 20, 2699.999, , , 
0, 31, 000032, 000032, 10, 1, 1, 2, 4, 8, 10, 99, 16384, 19,  Intel(R) Xeon(R) Gold 6258R CPU @ 2.70GHz,  39424,  28, -1, 100000, 781584538107538, 34843300659, 9223372036854771712, 00610127, 00608806, 00000334, 00000000, 00000000, 00000000, 00000000, 00000000, 007, 2, 2700.000, 007, 3, 2700.000, 007, 4, 2700.000, 007, 5, 2699.999, 007, 6, 2699.999, 007, 7, 2699.999, 007, 8, 2699.999, 007, 9, 2700.000, 007, 10, 2699.998, 007, 11, 2700.000, 007, 12, 2700.001, 007, 13, 2700.000, 007, 14, 2700.001, 007, 15, 2700.000, 007, 16, 2700.000, 007, 17, 2699.999, 007, 18, 2700.000, 007, 19, 2700.000, 007, 20, 2700.000, , , 
1, 32, 000050, 000050, 10, 1, 1, 2, 4, 8, 10, 99, 16384, 20,  Intel(R) Xeon(R) Gold 6258R CPU @ 2.70GHz,  39424,  28, -1, 100000, 782949307032077, 34848473497, 9223372036854771712, 00603207, 00601616, 00000413, 00000000, 00000000, 00000000, 00000000, 00000000, 007, 2, 2699.999, 007, 3, 2699.999, 007, 4, 2700.000, 007, 5, 2700.000, 007, 6, 2699.999, 007, 7, 2700.000, 007, 8, 2700.000, 007, 9, 2700.000, 007, 10, 2699.999, 007, 11, 2699.999, 007, 12, 2700.000, 007, 13, 2700.000, 007, 14, 2700.000, 007, 15, 2700.000, 007, 16, 2700.000, 007, 17, 2700.000, 007, 18, 2700.000, 007, 19, 2699.999, 007, 20, 2699.999, 007, 21, 2700.000
0, 33, 000061, 000061, 10, 1, 1, 2, 4, 8, 10, 99, 16384, 20,  Intel(R) Xeon(R) Gold 6258R CPU @ 2.70GHz,  39424,  28, -1, 100000, 783279351687129, 34850639052, 9223372036854771712, 00560839, 00559217, 00000414, 00000000, 00000000, 00000000, 00000000, 00000000, 007, 2, 2699.999, 007, 3, 2699.999, 007, 4, 2700.000, 007, 5, 2700.001, 007, 6, 2699.999, 007, 7, 2700.000, 007, 8, 2700.000, 007, 9, 2700.000, 007, 10, 2700.000, 007, 11, 2700.000, 007, 12, 2700.000, 007, 13, 2700.001, 007, 14, 2700.000, 007, 15, 2700.000, 007, 16, 2700.000, 007, 17, 2699.999, 007, 18, 2700.000, 007, 19, 2699.999, 007, 20, 2700.000, 007, 21, 2699.999
1, 34, 000033, 000033, 10, 1, 1, 2, 4, 8, 10, 99, 8192, 4,  Intel(R) Xeon(R) Gold 6258R CPU @ 2.70GHz,  39424,  28, -1, 100000, 783642079609951, 34837969305, 9223372036854771712, 00658224, 00657958, 00000064, 00000000, 00000000, 00000000, 00000000, 00000000, 007, 2, 2699.998, 007, 3, 2700.000, 007, 4, 2700.000, 007, 5, 2700.000, , , , , , , , , , , , , , , , , , , , , , , , , , , , , , , , , , , , , , , , , , , , , , , , 
0, 35, 000044, 000044, 10, 1, 1, 2, 4, 8, 10, 99, 8192, 4,  Intel(R) Xeon(R) Gold 6258R CPU @ 2.70GHz,  39424,  28, -1, 100000, 783701144599818, 34838824550, 9223372036854771712, 00657358, 00657080, 00000062, 00000000, 00000000, 00000000, 00000000, 00000000, 007, 2, 2699.999, 007, 3, 2699.999, 007, 4, 2699.999, 007, 5, 2700.000, , , , , , , , , , , , , , , , , , , , , , , , , , , , , , , , , , , , , , , , , , , , , , , , 
1, 36, 000023, 000023, 10, 1, 1, 2, 4, 8, 10, 99, 8192, 5,  Intel(R) Xeon(R) Gold 6258R CPU @ 2.70GHz,  39424,  28, -1, 100000, 783854232672242, 34837046886, 9223372036854771712, 00658813, 00658462, 00000064, 00000000, 00000000, 00000000, 00000000, 00000000, 007, 2, 2699.999, 007, 3, 2700.000, 007, 4, 2700.000, 007, 5, 2699.999, 007, 6, 2699.999, , , , , , , , , , , , , , , , , , , , , , , , , , , , , , , , , , , , , , , , , , , , , 
0, 37, 000034, 000034, 10, 1, 1, 2, 4, 8, 10, 99, 8192, 5,  Intel(R) Xeon(R) Gold 6258R CPU @ 2.70GHz,  39424,  28, -1, 100000, 783925119199585, 34838427648, 9223372036854771712, 00657621, 00657260, 00000069, 00000000, 00000000, 00000000, 00000000, 00000000, 007, 2, 2699.999, 007, 3, 2700.000, 007, 4, 2700.000, 007, 5, 2700.000, 007, 6, 2700.000, , , , , , , , , , , , , , , , , , , , , , , , , , , , , , , , , , , , , , , , , , , , , 
1, 38, 000030, 000030, 10, 1, 1, 2, 4, 8, 10, 99, 8192, 6,  Intel(R) Xeon(R) Gold 6258R CPU @ 2.70GHz,  39424,  28, -1, 100000, 784156716548290, 34837985280, 9223372036854771712, 00658140, 00657709, 00000132, 00000000, 00000000, 00000000, 00000000, 00000000, 007, 2, 2699.999, 007, 3, 2700.000, 007, 4, 2700.001, 007, 5, 2700.000, 007, 6, 2699.999, 007, 7, 2700.000, , , , , , , , , , , , , , , , , , , , , , , , , , , , , , , , , , , , , , , , , , 
0, 39, 000041, 000041, 10, 1, 1, 2, 4, 8, 10, 99, 8192, 6,  Intel(R) Xeon(R) Gold 6258R CPU @ 2.70GHz,  39424,  28, -1, 100000, 784239461732836, 34839125606, 9223372036854771712, 00656592, 00656178, 00000121, 00000000, 00000000, 00000000, 00000000, 00000000, 007, 2, 2699.999, 007, 3, 2699.999, 007, 4, 2700.000, 007, 5, 2700.000, 007, 6, 2700.000, 007, 7, 2700.000, , , , , , , , , , , , , , , , , , , , , , , , , , , , , , , , , , , , , , , , , , 
1, 40, 000028, 000028, 10, 1, 1, 2, 4, 8, 10, 99, 8192, 7,  Intel(R) Xeon(R) Gold 6258R CPU @ 2.70GHz,  39424,  28, -1, 100000, 784487965537569, 34838892953, 9223372036854771712, 00658151, 00657658, 00000134, 00000000, 00000000, 00000000, 00000000, 00000000, 007, 2, 2700.000, 007, 3, 2700.000, 007, 4, 2700.000, 007, 5, 2700.000, 007, 6, 2699.998, 007, 7, 2699.999, 007, 8, 2699.999, , , , , , , , , , , , , , , , , , , , , , , , , , , , , , , , , , , , , , , 
0, 41, 000039, 000039, 10, 1, 1, 2, 4, 8, 10, 99, 8192, 7,  Intel(R) Xeon(R) Gold 6258R CPU @ 2.70GHz,  39424,  28, -1, 100000, 784582597160709, 34839766220, 9223372036854771712, 00656629, 00656134, 00000136, 00000000, 00000000, 00000000, 00000000, 00000000, 007, 2, 2699.999, 007, 3, 2699.999, 007, 4, 2700.000, 007, 5, 2700.000, 007, 6, 2700.000, 007, 7, 2700.000, 007, 8, 2699.999, , , , , , , , , , , , , , , , , , , , , , , , , , , , , , , , , , , , , , , 
1, 42, 000021, 000021, 10, 1, 1, 2, 4, 8, 10, 99, 8192, 8,  Intel(R) Xeon(R) Gold 6258R CPU @ 2.70GHz,  39424,  28, -1, 100000, 784796355170709, 34838460006, 9223372036854771712, 00653800, 00653239, 00000143, 00000000, 00000000, 00000000, 00000000, 00000000, 007, 2, 2700.000, 007, 3, 2700.000, 007, 4, 2700.000, 007, 5, 2700.000, 007, 6, 2699.999, 007, 7, 2700.000, 007, 8, 2700.000, 007, 9, 2700.000, , , , , , , , , , , , , , , , , , , , , , , , , , , , , , , , , , , , 
0, 43, 000032, 000032, 10, 1, 1, 2, 4, 8, 10, 99, 8192, 8,  Intel(R) Xeon(R) Gold 6258R CPU @ 2.70GHz,  39424,  28, -1, 100000, 784902854526983, 34839626137, 9223372036854771712, 00649335, 00648775, 00000136, 00000000, 00000000, 00000000, 00000000, 00000000, 007, 2, 2699.999, 007, 3, 2700.000, 007, 4, 2700.000, 007, 5, 2699.999, 007, 6, 2699.999, 007, 7, 2700.000, 007, 8, 2700.000, 007, 9, 2700.000, , , , , , , , , , , , , , , , , , , , , , , , , , , , , , , , , , , , 
1, 44, 000027, 000027, 10, 1, 1, 2, 4, 8, 10, 99, 8192, 9,  Intel(R) Xeon(R) Gold 6258R CPU @ 2.70GHz,  39424,  28, -1, 100000, 785204867569759, 34839352934, 9223372036854771712, 00651486, 00650840, 00000139, 00000000, 00000000, 00000000, 00000000, 00000000, 007, 2, 2700.000, 007, 3, 2699.999, 007, 4, 2699.999, 007, 5, 2699.999, 007, 6, 2700.000, 007, 7, 2699.999, 007, 8, 2700.000, 007, 9, 2700.000, 007, 10, 2700.000, , , , , , , , , , , , , , , , , , , , , , , , , , , , , , , , , 
0, 45, 000038, 000038, 10, 1, 1, 2, 4, 8, 10, 99, 8192, 9,  Intel(R) Xeon(R) Gold 6258R CPU @ 2.70GHz,  39424,  28, -1, 100000, 785323398216081, 34840555110, 9223372036854771712, 00647935, 00647301, 00000132, 00000000, 00000000, 00000000, 00000000, 00000000, 007, 2, 2699.999, 007, 3, 2700.000, 007, 4, 2699.999, 007, 5, 2699.999, 007, 6, 2700.000, 007, 7, 2700.000, 007, 8, 2699.999, 007, 9, 2700.000, 007, 10, 2700.000, , , , , , , , , , , , , , , , , , , , , , , , , , , , , , , , , 
1, 46, 000025, 000025, 10, 1, 1, 2, 4, 8, 10, 99, 8192, 10,  Intel(R) Xeon(R) Gold 6258R CPU @ 2.70GHz,  39424,  28, -1, 100000, 785633226399354, 34839137484, 9223372036854771712, 00652331, 00651642, 00000203, 00000000, 00000000, 00000000, 00000000, 00000000, 007, 2, 2700.000, 007, 3, 2700.000, 007, 4, 2700.000, 007, 5, 2699.999, 007, 6, 2700.000, 007, 7, 2699.999, 007, 8, 2700.000, 007, 9, 2700.000, 007, 10, 2700.000, 007, 11, 2699.999, , , , , , , , , , , , , , , , , , , , , , , , , , , , , , 
0, 47, 000036, 000036, 10, 1, 1, 2, 4, 8, 10, 99, 8192, 10,  Intel(R) Xeon(R) Gold 6258R CPU @ 2.70GHz,  39424,  28, -1, 100000, 785763769173666, 34840404787, 9223372036854771712, 00647864, 00647160, 00000221, 00000000, 00000000, 00000000, 00000000, 00000000, 007, 2, 2699.999, 007, 3, 2699.999, 007, 4, 2699.999, 007, 5, 2700.000, 007, 6, 2699.999, 007, 7, 2699.999, 007, 8, 2699.999, 007, 9, 2699.999, 007, 10, 2699.999, 007, 11, 2700.000, , , , , , , , , , , , , , , , , , , , , , , , , , , , , , 
1, 48, 000021, 000021, 10, 1, 1, 2, 4, 8, 10, 99, 8192, 11,  Intel(R) Xeon(R) Gold 6258R CPU @ 2.70GHz,  39424,  28, -1, 100000, 786051603423957, 34839264460, 9223372036854771712, 00652749, 00651975, 00000211, 00000000, 00000000, 00000000, 00000000, 00000000, 007, 2, 2699.999, 007, 3, 2700.000, 007, 4, 2700.000, 007, 5, 2700.000, 007, 6, 2699.999, 007, 7, 2700.000, 007, 8, 2699.999, 007, 9, 2699.999, 007, 10, 2699.999, 007, 11, 2700.000, 007, 12, 2699.999, , , , , , , , , , , , , , , , , , , , , , , , , , , 
0, 49, 000032, 000032, 10, 1, 1, 2, 4, 8, 10, 99, 8192, 11,  Intel(R) Xeon(R) Gold 6258R CPU @ 2.70GHz,  39424,  28, -1, 100000, 786194205341755, 34840567398, 9223372036854771712, 00647600, 00646817, 00000202, 00000000, 00000000, 00000000, 00000000, 00000000, 007, 2, 2700.000, 007, 3, 2699.999, 007, 4, 2700.000, 007, 5, 2699.999, 007, 6, 2700.000, 007, 7, 2700.000, 007, 8, 2699.998, 007, 9, 2700.000, 007, 10, 2700.000, 007, 11, 2699.999, 007, 12, 2700.000, , , , , , , , , , , , , , , , , , , , , , , , , , , 
1, 50, 000028, 000028, 10, 1, 1, 2, 4, 8, 10, 99, 8192, 12,  Intel(R) Xeon(R) Gold 6258R CPU @ 2.70GHz,  39424,  28, -1, 100000, 786603047131521, 34840292966, 9223372036854771712, 00636629, 00635786, 00000211, 00000000, 00000000, 00000000, 00000000, 00000000, 007, 2, 2700.000, 007, 3, 2700.000, 007, 4, 2700.000, 007, 5, 2700.000, 007, 6, 2700.000, 007, 7, 2700.000, 007, 8, 2699.998, 007, 9, 2699.999, 007, 10, 2700.000, 007, 11, 2700.000, 007, 12, 2700.000, 007, 13, 2699.999, , , , , , , , , , , , , , , , , , , , , , , , 
0, 51, 000039, 000039, 10, 1, 1, 2, 4, 8, 10, 99, 8192, 12,  Intel(R) Xeon(R) Gold 6258R CPU @ 2.70GHz,  39424,  28, -1, 100000, 786757789063430, 34841534464, 9223372036854771712, 00626959, 00626128, 00000211, 00000000, 00000000, 00000000, 00000000, 00000000, 007, 2, 2699.999, 007, 3, 2699.999, 007, 4, 2700.000, 007, 5, 2699.999, 007, 6, 2699.999, 007, 7, 2700.000, 007, 8, 2700.000, 007, 9, 2700.000, 007, 10, 2700.000, 007, 11, 2700.000, 007, 12, 2700.000, 007, 13, 2700.000, , , , , , , , , , , , , , , , , , , , , , , , 
1, 52, 000018, 000018, 10, 1, 1, 2, 4, 8, 10, 99, 8192, 13,  Intel(R) Xeon(R) Gold 6258R CPU @ 2.70GHz,  39424,  28, -1, 100000, 787050581475089, 34838974054, 9223372036854771712, 00647641, 00646716, 00000212, 00000000, 00000000, 00000000, 00000000, 00000000, 007, 2, 2699.998, 007, 3, 2700.000, 007, 4, 2700.000, 007, 5, 2700.000, 007, 6, 2700.001, 007, 7, 2699.999, 007, 8, 2700.000, 007, 9, 2700.000, 007, 10, 2699.999, 007, 11, 2700.000, 007, 12, 2699.999, 007, 13, 2700.000, 006, 14, 2699.999, , , , , , , , , , , , , , , , , , , , , 
0, 53, 000029, 000029, 10, 1, 1, 2, 4, 8, 10, 99, 8192, 13,  Intel(R) Xeon(R) Gold 6258R CPU @ 2.70GHz,  39424,  28, -1, 100000, 787217391550583, 34840714035, 9223372036854771712, 00638913, 00638016, 00000198, 00000000, 00000000, 00000000, 00000000, 00000000, 007, 2, 2700.000, 007, 3, 2700.000, 007, 4, 2700.000, 007, 5, 2699.999, 007, 6, 2699.998, 007, 7, 2700.000, 007, 8, 2699.999, 007, 9, 2699.999, 007, 10, 2700.000, 007, 11, 2700.000, 007, 12, 2700.000, 007, 13, 2700.000, 007, 14, 2700.000, , , , , , , , , , , , , , , , , , , , , 
1, 54, 000024, 000024, 10, 1, 1, 2, 4, 8, 10, 99, 8192, 14,  Intel(R) Xeon(R) Gold 6258R CPU @ 2.70GHz,  39424,  28, -1, 100000, 787626889118491, 34840058675, 9223372036854771712, 00642383, 00641415, 00000261, 00000000, 00000000, 00000000, 00000000, 00000000, 007, 2, 2699.998, 007, 3, 2699.999, 007, 4, 2699.999, 007, 5, 2700.000, 007, 6, 2700.000, 007, 7, 2699.999, 007, 8, 2700.000, 007, 9, 2700.000, 007, 10, 2700.000, 007, 11, 2700.000, 007, 12, 2700.000, 007, 13, 2699.999, 007, 14, 2699.999, 007, 15, 2699.999, , , , , , , , , , , , , , , , , , 
0, 55, 000035, 000035, 10, 1, 1, 2, 4, 8, 10, 99, 8192, 14,  Intel(R) Xeon(R) Gold 6258R CPU @ 2.70GHz,  39424,  28, -1, 100000, 787805958406534, 34841602867, 9223372036854771712, 00628567, 00627564, 00000275, 00000000, 00000000, 00000000, 00000000, 00000000, 007, 2, 2700.000, 007, 3, 2700.000, 007, 4, 2700.000, 007, 5, 2700.000, 007, 6, 2699.999, 007, 7, 2699.999, 007, 8, 2700.000, 007, 9, 2699.999, 007, 10, 2699.999, 007, 11, 2699.999, 007, 12, 2699.999, 007, 13, 2700.000, 007, 14, 2700.000, 007, 15, 2699.999, , , , , , , , , , , , , , , , , , 
1, 56, 000029, 000029, 10, 1, 1, 2, 4, 8, 10, 99, 8192, 15,  Intel(R) Xeon(R) Gold 6258R CPU @ 2.70GHz,  39424,  28, -1, 100000, 788327816963413, 34841397657, 9223372036854771712, 00636914, 00635846, 00000286, 00000000, 00000000, 00000000, 00000000, 00000000, 007, 2, 2699.999, 007, 3, 2699.999, 007, 4, 2700.000, 007, 5, 2700.000, 007, 6, 2699.999, 007, 7, 2699.999, 007, 8, 2700.000, 007, 9, 2700.000, 007, 10, 2699.999, 007, 11, 2699.999, 007, 12, 2700.000, 007, 13, 2700.000, 007, 14, 2699.999, 007, 15, 2700.000, 007, 16, 2700.000, , , , , , , , , , , , , , , 
0, 57, 000040, 000040, 10, 1, 1, 2, 4, 8, 10, 99, 8192, 15,  Intel(R) Xeon(R) Gold 6258R CPU @ 2.70GHz,  39424,  28, -1, 100000, 788519033990122, 34842910310, 9223372036854771712, 00626227, 00625183, 00000272, 00000000, 00000000, 00000000, 00000000, 00000000, 007, 2, 2700.000, 007, 3, 2700.000, 007, 4, 2700.000, 007, 5, 2699.999, 007, 6, 2700.000, 007, 7, 2700.000, 007, 8, 2700.000, 007, 9, 2700.000, 007, 10, 2699.999, 007, 11, 2700.000, 007, 12, 2700.000, 007, 13, 2699.999, 007, 14, 2699.999, 007, 15, 2700.000, 007, 16, 2700.000, , , , , , , , , , , , , , , 
1, 58, 000033, 000033, 10, 1, 1, 2, 4, 8, 10, 99, 8192, 16,  Intel(R) Xeon(R) Gold 6258R CPU @ 2.70GHz,  39424,  28, -1, 100000, 789145173039626, 34842011238, 9223372036854771712, 00617565, 00616479, 00000266, 00000000, 00000000, 00000000, 00000000, 00000000, 007, 2, 2699.998, 007, 3, 2699.999, 007, 4, 2700.000, 007, 5, 2699.999, 007, 6, 2699.999, 007, 7, 2699.999, 007, 8, 2699.999, 007, 9, 2700.000, 007, 10, 2700.000, 007, 11, 2699.999, 007, 12, 2699.999, 007, 13, 2700.000, 007, 14, 2699.999, 007, 15, 2699.999, 007, 16, 2699.999, 007, 17, 2699.999, , , , , , , , , , , , 
0, 59, 000044, 000044, 10, 1, 1, 2, 4, 8, 10, 99, 8192, 16,  Intel(R) Xeon(R) Gold 6258R CPU @ 2.70GHz,  39424,  28, -1, 100000, 789348316103858, 34843565260, 9223372036854771712, 00597757, 00596653, 00000261, 00000000, 00000000, 00000000, 00000000, 00000000, 007, 2, 2700.000, 007, 3, 2700.000, 007, 4, 2700.000, 007, 5, 2700.000, 007, 6, 2700.000, 007, 7, 2699.999, 007, 8, 2700.000, 007, 9, 2699.999, 007, 10, 2700.000, 007, 11, 2700.000, 007, 12, 2700.000, 007, 13, 2699.999, 007, 14, 2699.999, 007, 15, 2700.000, 007, 16, 2700.000, 007, 17, 2700.000, , , , , , , , , , , , 
1, 60, 000022, 000022, 10, 1, 1, 2, 4, 8, 10, 99, 8192, 17,  Intel(R) Xeon(R) Gold 6258R CPU @ 2.70GHz,  39424,  28, -1, 100000, 789802653299042, 34841293619, 9223372036854771712, 00631109, 00629956, 00000254, 00000000, 00000000, 00000000, 00000000, 00000000, 007, 2, 2699.999, 007, 3, 2699.999, 007, 4, 2700.000, 007, 5, 2700.000, 007, 6, 2699.999, 007, 7, 2699.999, 007, 8, 2700.000, 007, 9, 2700.000, 007, 10, 2700.000, 007, 11, 2700.000, 007, 12, 2700.000, 007, 13, 2699.999, 007, 14, 2699.999, 007, 15, 2700.000, 007, 16, 2700.000, 007, 17, 2700.000, 007, 18, 2700.000, , , , , , , , , 
0, 61, 000033, 000033, 10, 1, 1, 2, 4, 8, 10, 99, 8192, 17,  Intel(R) Xeon(R) Gold 6258R CPU @ 2.70GHz,  39424,  28, -1, 100000, 790017969935964, 34842865664, 9223372036854771712, 00611664, 00610482, 00000265, 00000000, 00000000, 00000000, 00000000, 00000000, 007, 2, 2700.000, 007, 3, 2699.999, 007, 4, 2700.000, 007, 5, 2699.999, 007, 6, 2700.000, 007, 7, 2699.999, 007, 8, 2699.999, 007, 9, 2699.999, 007, 10, 2700.000, 007, 11, 2699.999, 007, 12, 2699.999, 007, 13, 2700.000, 007, 14, 2700.000, 007, 15, 2700.000, 007, 16, 2699.999, 007, 17, 2699.999, 007, 18, 2700.000, , , , , , , , , 
1, 62, 000024, 000024, 10, 1, 1, 2, 4, 8, 10, 99, 8192, 18,  Intel(R) Xeon(R) Gold 6258R CPU @ 2.70GHz,  39424,  28, -1, 100000, 790538117239543, 34841425510, 9223372036854771712, 00623165, 00621911, 00000345, 00000000, 00000000, 00000000, 00000000, 00000000, 007, 2, 2700.000, 007, 3, 2699.999, 007, 4, 2699.999, 007, 5, 2700.000, 007, 6, 2700.000, 007, 7, 2700.000, 007, 8, 2699.999, 007, 9, 2700.000, 007, 10, 2699.999, 007, 11, 2699.999, 007, 12, 2699.999, 007, 13, 2699.999, 007, 14, 2699.999, 007, 15, 2700.000, 007, 16, 2700.000, 007, 17, 2700.000, 007, 18, 2700.000, 007, 19, 2699.999, , , , , , 
0, 63, 000035, 000035, 10, 1, 1, 2, 4, 8, 10, 99, 8192, 18,  Intel(R) Xeon(R) Gold 6258R CPU @ 2.70GHz,  39424,  28, -1, 100000, 790765718593331, 34846183833, 9223372036854771712, 00609624, 00608402, 00000344, 00000000, 00000000, 00000000, 00000000, 00000000, 007, 2, 2700.000, 007, 3, 2700.000, 007, 4, 2700.000, 007, 5, 2699.999, 007, 6, 2700.000, 007, 7, 2700.000, 007, 8, 2699.999, 007, 9, 2700.000, 007, 10, 2700.000, 007, 11, 2700.000, 007, 12, 2700.000, 007, 13, 2700.000, 007, 14, 2700.000, 007, 15, 2699.999, 007, 16, 2699.999, 007, 17, 2700.000, 007, 18, 2699.999, 007, 19, 2700.000, , , , , , 
1, 64, 000053, 000053, 10, 1, 1, 2, 4, 8, 10, 99, 8192, 19,  Intel(R) Xeon(R) Gold 6258R CPU @ 2.70GHz,  39424,  28, -1, 100000, 791925050365285, 34879916032, 9223372036854771712, 00574347, 00573060, 00000336, 00000000, 00000000, 00000000, 00000000, 00000000, 007, 2, 2699.999, 007, 3, 2700.000, 007, 4, 2700.000, 007, 5, 2700.000, 007, 6, 2700.000, 007, 7, 2700.000, 007, 8, 2700.000, 007, 9, 2699.999, 007, 10, 2700.000, 007, 11, 2700.000, 007, 12, 2700.000, 007, 13, 2700.000, 007, 14, 2700.000, 007, 15, 2700.000, 007, 16, 2699.999, 007, 17, 2700.000, 007, 18, 2700.000, 007, 19, 2699.999, 007, 20, 2700.000, , , 
0, 65, 000064, 000064, 10, 1, 1, 2, 4, 8, 10, 99, 8192, 19,  Intel(R) Xeon(R) Gold 6258R CPU @ 2.70GHz,  39424,  28, -1, 100000, 792165047388707, 34883155558, 9223372036854771712, 00555073, 00553758, 00000339, 00000000, 00000000, 00000000, 00000000, 00000000, 007, 2, 2699.999, 007, 3, 2699.999, 007, 4, 2699.999, 007, 5, 2699.999, 007, 6, 2700.000, 007, 7, 2700.000, 007, 8, 2699.999, 007, 9, 2700.000, 007, 10, 2700.001, 007, 11, 2700.000, 007, 12, 2700.000, 007, 13, 2699.999, 007, 14, 2700.000, 007, 15, 2699.999, 007, 16, 2700.000, 007, 17, 2699.999, 007, 18, 2699.999, 007, 19, 2700.000, 007, 20, 2700.000, , , 
1, 66, 000074, 000074, 10, 1, 1, 2, 4, 8, 10, 99, 8192, 20,  Intel(R) Xeon(R) Gold 6258R CPU @ 2.70GHz,  39424,  28, -1, 100000, 794167739651993, 34888079360, 9223372036854771712, 00305407, 00303922, 00000349, 00000000, 00000000, 00000000, 00000000, 00000000, 007, 2, 2700.000, 007, 3, 2700.000, 007, 4, 2700.000, 007, 5, 2699.999, 007, 6, 2699.999, 007, 7, 2700.001, 007, 8, 2700.000, 007, 9, 2700.000, 007, 10, 2699.999, 007, 11, 2699.999, 007, 12, 2700.000, 007, 13, 2699.999, 007, 14, 2699.999, 007, 15, 2700.000, 007, 16, 2700.000, 007, 17, 2700.000, 007, 18, 2700.000, 006, 19, 2700.000, 007, 20, 2700.000, 007, 21, 2700.000
0, 67, 000085, 000085, 10, 1, 1, 2, 4, 8, 10, 99, 8192, 20,  Intel(R) Xeon(R) Gold 6258R CPU @ 2.70GHz,  39424,  28, -1, 100000, 794494762361365, 34889104179, 9223372036854771712, 00304873, 00303388, 00000391, 00000000, 00000000, 00000000, 00000000, 00000000, 007, 2, 2699.999, 007, 3, 2700.000, 007, 4, 2699.999, 007, 5, 2700.000, 007, 6, 2700.000, 006, 7, 2699.999, 007, 8, 2700.000, 007, 9, 2699.999, 007, 10, 2700.001, 007, 11, 2700.000, 007, 12, 2700.000, 007, 13, 2700.000, 007, 14, 2700.000, 007, 15, 2700.000, 007, 16, 2700.000, 007, 17, 2699.999, 007, 18, 2699.998, 007, 19, 2699.999, 007, 20, 2700.000, 007, 21, 2699.999
1, 68, 000029, 000029, 10, 1, 1, 2, 4, 8, 10, 99, 4096, 4,  Intel(R) Xeon(R) Gold 6258R CPU @ 2.70GHz,  39424,  28, -1, 100000, 794875759552478, 34871861248, 9223372036854771712, 00325298, 00325128, 00000040, 00000000, 00000000, 00000000, 00000000, 00000000, 007, 2, 2699.999, 007, 3, 2699.999, 006, 4, 2699.999, 007, 5, 2700.000, , , , , , , , , , , , , , , , , , , , , , , , , , , , , , , , , , , , , , , , , , , , , , , , 
0, 69, 000040, 000040, 10, 1, 1, 2, 4, 8, 10, 99, 4096, 4,  Intel(R) Xeon(R) Gold 6258R CPU @ 2.70GHz,  39424,  28, -1, 100000, 794956711073643, 34872851660, 9223372036854771712, 00324752, 00324590, 00000034, 00000000, 00000000, 00000000, 00000000, 00000000, 007, 2, 2700.000, 005, 3, 2699.999, 007, 4, 2700.000, 007, 5, 2700.001, , , , , , , , , , , , , , , , , , , , , , , , , , , , , , , , , , , , , , , , , , , , , , , , 
1, 70, 000020, 000020, 10, 1, 1, 2, 4, 8, 10, 99, 4096, 5,  Intel(R) Xeon(R) Gold 6258R CPU @ 2.70GHz,  39424,  28, -1, 100000, 795122323372815, 34871052697, 9223372036854771712, 00333048, 00332850, 00000034, 00000000, 00000000, 00000000, 00000000, 00000000, 007, 2, 2700.000, 007, 3, 2700.000, 007, 4, 2699.999, 007, 5, 2700.001, 007, 6, 2700.000, , , , , , , , , , , , , , , , , , , , , , , , , , , , , , , , , , , , , , , , , , , , , 
0, 71, 000031, 000031, 10, 1, 1, 2, 4, 8, 10, 99, 4096, 5,  Intel(R) Xeon(R) Gold 6258R CPU @ 2.70GHz,  39424,  28, -1, 100000, 795204084098063, 34872448614, 9223372036854771712, 00334585, 00334379, 00000034, 00000000, 00000000, 00000000, 00000000, 00000000, 007, 2, 2700.000, 007, 3, 2700.000, 007, 4, 2699.999, 007, 5, 2700.000, 007, 6, 2699.999, , , , , , , , , , , , , , , , , , , , , , , , , , , , , , , , , , , , , , , , , , , , , 
1, 72, 000023, 000023, 10, 1, 1, 2, 4, 8, 10, 99, 4096, 6,  Intel(R) Xeon(R) Gold 6258R CPU @ 2.70GHz,  39424,  28, -1, 100000, 795410547882186, 34872209817, 9223372036854771712, 00331105, 00330866, 00000068, 00000000, 00000000, 00000000, 00000000, 00000000, 007, 2, 2699.999, 007, 3, 2700.000, 007, 4, 2700.000, 007, 5, 2699.999, 007, 6, 2700.000, 007, 7, 2700.000, , , , , , , , , , , , , , , , , , , , , , , , , , , , , , , , , , , , , , , , , , 
0, 73, 000034, 000034, 10, 1, 1, 2, 4, 8, 10, 99, 4096, 6,  Intel(R) Xeon(R) Gold 6258R CPU @ 2.70GHz,  39424,  28, -1, 100000, 795503988199576, 34873908838, 9223372036854771712, 00330241, 00329992, 00000068, 00000000, 00000000, 00000000, 00000000, 00000000, 007, 2, 2699.999, 007, 3, 2700.000, 007, 4, 2700.000, 007, 5, 2700.000, 007, 6, 2700.000, 007, 7, 2700.000, , , , , , , , , , , , , , , , , , , , , , , , , , , , , , , , , , , , , , , , , , 
1, 74, 000031, 000031, 10, 1, 1, 2, 4, 8, 10, 99, 4096, 7,  Intel(R) Xeon(R) Gold 6258R CPU @ 2.70GHz,  39424,  28, -1, 100000, 795837262788361, 34874701004, 9223372036854771712, 00331188, 00330888, 00000065, 00000000, 00000000, 00000000, 00000000, 00000000, 007, 2, 2699.999, 007, 3, 2700.000, 007, 4, 2699.999, 007, 5, 2700.000, 007, 6, 2699.999, 007, 7, 2700.000, 007, 8, 2700.000, , , , , , , , , , , , , , , , , , , , , , , , , , , , , , , , , , , , , , , 
0, 75, 000042, 000042, 10, 1, 1, 2, 4, 8, 10, 99, 4096, 7,  Intel(R) Xeon(R) Gold 6258R CPU @ 2.70GHz,  39424,  28, -1, 100000, 795953295996123, 34876044492, 9223372036854771712, 00332663, 00332354, 00000070, 00000000, 00000000, 00000000, 00000000, 00000000, 007, 2, 2699.998, 007, 3, 2700.000, 007, 4, 2699.999, 007, 5, 2699.999, 007, 6, 2699.999, 007, 7, 2700.000, 007, 8, 2699.999, , , , , , , , , , , , , , , , , , , , , , , , , , , , , , , , , , , , , , , 
1, 76, 000019, 000019, 10, 1, 1, 2, 4, 8, 10, 99, 4096, 8,  Intel(R) Xeon(R) Gold 6258R CPU @ 2.70GHz,  39424,  28, -1, 100000, 796192285754735, 34872553881, 9223372036854771712, 00330193, 00329855, 00000072, 00000000, 00000000, 00000000, 00000000, 00000000, 007, 2, 2700.000, 007, 3, 2700.000, 007, 4, 2700.000, 007, 5, 2700.000, 007, 6, 2700.000, 007, 7, 2700.000, 007, 8, 2700.000, 007, 9, 2700.001, , , , , , , , , , , , , , , , , , , , , , , , , , , , , , , , , , , , 
0, 77, 000030, 000030, 10, 1, 1, 2, 4, 8, 10, 99, 4096, 8,  Intel(R) Xeon(R) Gold 6258R CPU @ 2.70GHz,  39424,  28, -1, 100000, 796319927932331, 34874270924, 9223372036854771712, 00331026, 00330689, 00000071, 00000000, 00000000, 00000000, 00000000, 00000000, 007, 2, 2699.999, 007, 3, 2700.000, 007, 4, 2700.000, 007, 5, 2700.000, 007, 6, 2700.000, 007, 7, 2699.999, 007, 8, 2700.000, 007, 9, 2700.000, , , , , , , , , , , , , , , , , , , , , , , , , , , , , , , , , , , , 
1, 78, 000021, 000021, 10, 1, 1, 2, 4, 8, 10, 99, 4096, 9,  Intel(R) Xeon(R) Gold 6258R CPU @ 2.70GHz,  39424,  28, -1, 100000, 796593232525403, 34872789811, 9223372036854771712, 00327215, 00326848, 00000066, 00000000, 00000000, 00000000, 00000000, 00000000, 007, 2, 2699.999, 007, 3, 2699.999, 007, 4, 2700.001, 007, 5, 2700.000, 007, 6, 2699.999, 007, 7, 2699.999, 007, 8, 2699.999, 007, 9, 2699.998, 007, 10, 2699.999, , , , , , , , , , , , , , , , , , , , , , , , , , , , , , , , , 
0, 79, 000032, 000032, 10, 1, 1, 2, 4, 8, 10, 99, 4096, 9,  Intel(R) Xeon(R) Gold 6258R CPU @ 2.70GHz,  39424,  28, -1, 100000, 796722158740659, 34874448691, 9223372036854771712, 00326564, 00326188, 00000074, 00000000, 00000000, 00000000, 00000000, 00000000, 006, 2, 2699.999, 007, 3, 2699.999, 007, 4, 2700.000, 007, 5, 2700.000, 007, 6, 2700.001, 007, 7, 2700.000, 007, 8, 2699.999, 007, 9, 2700.000, 007, 10, 2700.000, , , , , , , , , , , , , , , , , , , , , , , , , , , , , , , , , 
1, 80, 000030, 000030, 10, 1, 1, 2, 4, 8, 10, 99, 4096, 10,  Intel(R) Xeon(R) Gold 6258R CPU @ 2.70GHz,  39424,  28, -1, 100000, 797122861829953, 34875011481, 9223372036854771712, 00326399, 00326000, 00000105, 00000000, 00000000, 00000000, 00000000, 00000000, 007, 2, 2700.000, 007, 3, 2700.000, 007, 4, 2699.999, 007, 5, 2699.999, 007, 6, 2700.001, 007, 7, 2699.999, 007, 8, 2699.999, 005, 9, 2699.998, 007, 10, 2699.999, 007, 11, 2700.000, , , , , , , , , , , , , , , , , , , , , , , , , , , , , , 
0, 81, 000041, 000041, 10, 1, 1, 2, 4, 8, 10, 99, 4096, 10,  Intel(R) Xeon(R) Gold 6258R CPU @ 2.70GHz,  39424,  28, -1, 100000, 797266406705105, 34876601139, 9223372036854771712, 00326174, 00325769, 00000096, 00000000, 00000000, 00000000, 00000000, 00000000, 007, 2, 2699.998, 007, 3, 2699.999, 007, 4, 2700.000, 007, 5, 2699.999, 007, 6, 2700.000, 007, 7, 2700.000, 007, 8, 2700.000, 007, 9, 2699.999, 007, 10, 2700.000, 007, 11, 2699.999, , , , , , , , , , , , , , , , , , , , , , , , , , , , , , 
1, 82, 000033, 000033, 10, 1, 1, 2, 4, 8, 10, 99, 4096, 11,  Intel(R) Xeon(R) Gold 6258R CPU @ 2.70GHz,  39424,  28, -1, 100000, 797767977351258, 34876065792, 9223372036854771712, 00326793, 00326320, 00000104, 00000000, 00000000, 00000000, 00000000, 00000000, 007, 2, 2700.000, 007, 3, 2700.000, 007, 4, 2700.000, 007, 5, 2700.000, 007, 6, 2699.999, 007, 7, 2700.000, 007, 8, 2700.000, 007, 9, 2699.999, 007, 10, 2699.999, 007, 11, 2700.000, 007, 12, 2700.000, , , , , , , , , , , , , , , , , , , , , , , , , , , 
0, 83, 000044, 000044, 10, 1, 1, 2, 4, 8, 10, 99, 4096, 11,  Intel(R) Xeon(R) Gold 6258R CPU @ 2.70GHz,  39424,  28, -1, 100000, 797933543369498, 34876190310, 9223372036854771712, 00353776, 00353291, 00000107, 00000000, 00000000, 00000000, 00000000, 00000000, 007, 2, 2699.999, 007, 3, 2700.000, 007, 4, 2700.000, 007, 5, 2700.000, 007, 6, 2699.999, 007, 7, 2699.999, 007, 8, 2699.999, 007, 9, 2700.000, 007, 10, 2699.998, 007, 11, 2700.000, 007, 12, 2700.001, , , , , , , , , , , , , , , , , , , , , , , , , , , 
1, 84, 000043, 000043, 10, 1, 1, 2, 4, 8, 10, 99, 4096, 12,  Intel(R) Xeon(R) Gold 6258R CPU @ 2.70GHz,  39424,  28, -1, 100000, 798632183322322, 34876079308, 9223372036854771712, 00323570, 00323115, 00000099, 00000000, 00000000, 00000000, 00000000, 00000000, 007, 2, 2700.000, 007, 3, 2700.000, 007, 4, 2700.001, 007, 5, 2700.001, 007, 6, 2700.000, 007, 7, 2700.000, 007, 8, 2699.998, 007, 9, 2700.000, 007, 10, 2700.000, 007, 11, 2700.000, 007, 12, 2700.000, 007, 13, 2700.000, , , , , , , , , , , , , , , , , , , , , , , , 
0, 85, 000054, 000054, 10, 1, 1, 2, 4, 8, 10, 99, 4096, 12,  Intel(R) Xeon(R) Gold 6258R CPU @ 2.70GHz,  39424,  28, -1, 100000, 798811628896049, 34876514713, 9223372036854771712, 00345820, 00345316, 00000107, 00000000, 00000000, 00000000, 00000000, 00000000, 007, 2, 2699.998, 007, 3, 2700.000, 007, 4, 2700.000, 007, 5, 2699.999, 007, 6, 2699.999, 007, 7, 2700.000, 007, 8, 2699.998, 007, 9, 2700.000, 007, 10, 2700.000, 007, 11, 2700.000, 007, 12, 2700.000, 007, 13, 2700.000, , , , , , , , , , , , , , , , , , , , , , , , 
1, 86, 000021, 000021, 10, 1, 1, 2, 4, 8, 10, 99, 4096, 13,  Intel(R) Xeon(R) Gold 6258R CPU @ 2.70GHz,  39424,  28, -1, 100000, 799212928531307, 34874203340, 9223372036854771712, 00352048, 00351507, 00000111, 00000000, 00000000, 00000000, 00000000, 00000000, 007, 2, 2699.998, 007, 3, 2700.000, 007, 4, 2699.999, 007, 5, 2699.999, 007, 6, 2699.999, 007, 7, 2700.000, 007, 8, 2700.000, 007, 9, 2699.999, 007, 10, 2699.999, 006, 11, 2700.000, 007, 12, 2699.999, 007, 13, 2699.999, 007, 14, 2699.999, , , , , , , , , , , , , , , , , , , , , 
0, 87, 000032, 000032, 10, 1, 1, 2, 4, 8, 10, 99, 4096, 13,  Intel(R) Xeon(R) Gold 6258R CPU @ 2.70GHz,  39424,  28, -1, 100000, 799412041553257, 34876123136, 9223372036854771712, 00324736, 00324209, 00000097, 00000000, 00000000, 00000000, 00000000, 00000000, 007, 2, 2700.001, 007, 3, 2699.999, 007, 4, 2700.000, 007, 5, 2700.000, 007, 6, 2700.000, 007, 7, 2700.000, 007, 8, 2699.999, 007, 9, 2700.001, 007, 10, 2700.000, 007, 11, 2700.000, 006, 12, 2700.000, 007, 13, 2699.999, 007, 14, 2700.000, , , , , , , , , , , , , , , , , , , , , 
1, 88, 000027, 000027, 10, 1, 1, 2, 4, 8, 10, 99, 4096, 14,  Intel(R) Xeon(R) Gold 6258R CPU @ 2.70GHz,  39424,  28, -1, 100000, 799943567087118, 34875549286, 9223372036854771712, 00348777, 00348188, 00000155, 00000000, 00000000, 00000000, 00000000, 00000000, 007, 2, 2700.000, 007, 3, 2700.000, 007, 4, 2699.999, 007, 5, 2700.000, 007, 6, 2700.000, 007, 7, 2700.000, 007, 8, 2699.999, 007, 9, 2699.999, 007, 10, 2700.000, 007, 11, 2699.999, 007, 12, 2700.000, 006, 13, 2700.000, 007, 14, 2699.999, 007, 15, 2700.000, , , , , , , , , , , , , , , , , , 
0, 89, 000038, 000038, 10, 1, 1, 2, 4, 8, 10, 99, 4096, 14,  Intel(R) Xeon(R) Gold 6258R CPU @ 2.70GHz,  39424,  28, -1, 100000, 800155014560847, 34876456960, 9223372036854771712, 00326120, 00325561, 00000141, 00000000, 00000000, 00000000, 00000000, 00000000, 007, 2, 2700.000, 007, 3, 2700.000, 007, 4, 2700.000, 007, 5, 2700.000, 007, 6, 2700.000, 007, 7, 2699.999, 007, 8, 2700.000, 007, 9, 2700.000, 006, 10, 2700.000, 007, 11, 2700.000, 007, 12, 2700.000, 007, 13, 2700.000, 007, 14, 2699.999, 007, 15, 2700.000, , , , , , , , , , , , , , , , , , 
1, 90, 000041, 000041, 10, 1, 1, 2, 4, 8, 10, 99, 4096, 15,  Intel(R) Xeon(R) Gold 6258R CPU @ 2.70GHz,  39424,  28, -1, 100000, 801015395805257, 34878108467, 9223372036854771712, 00325095, 00324513, 00000126, 00000000, 00000000, 00000000, 00000000, 00000000, 007, 2, 2699.999, 007, 3, 2700.000, 007, 4, 2700.000, 007, 5, 2699.999, 007, 6, 2699.999, 007, 7, 2699.999, 007, 8, 2700.000, 007, 9, 2699.999, 007, 10, 2699.999, 007, 11, 2700.000, 007, 12, 2700.000, 007, 13, 2700.001, 007, 14, 2700.000, 006, 15, 2699.999, 007, 16, 2700.000, , , , , , , , , , , , , , , 
0, 91, 000052, 000052, 10, 1, 1, 2, 4, 8, 10, 99, 4096, 15,  Intel(R) Xeon(R) Gold 6258R CPU @ 2.70GHz,  39424,  28, -1, 100000, 801286988896185, 34877859840, 9223372036854771712, 00382975, 00382249, 00000161, 00000000, 00000000, 00000000, 00000000, 00000000, 007, 2, 2700.000, 007, 3, 2699.999, 007, 4, 2700.000, 007, 5, 2699.999, 007, 6, 2699.999, 007, 7, 2699.999, 007, 8, 2699.999, 007, 9, 2699.999, 007, 10, 2700.000, 007, 11, 2699.999, 007, 12, 2699.999, 007, 13, 2700.000, 007, 14, 2700.000, 007, 15, 2700.000, 007, 16, 2700.000, , , , , , , , , , , , , , , 
1, 92, 000082, 000082, 10, 1, 1, 2, 4, 8, 10, 99, 4096, 16,  Intel(R) Xeon(R) Gold 6258R CPU @ 2.70GHz,  39424,  28, -1, 100000, 803381990181756, 34888465612, 9223372036854771712, 00361104, 00360366, 00000162, 00000000, 00000000, 00000000, 00000000, 00000000, 007, 2, 2700.000, 007, 3, 2699.999, 007, 4, 2699.999, 007, 5, 2699.999, 007, 6, 2700.000, 007, 7, 2700.000, 007, 8, 2699.999, 007, 9, 2699.999, 007, 10, 2700.000, 006, 11, 2700.000, 007, 12, 2700.000, 007, 13, 2700.000, 007, 14, 2700.000, 007, 15, 2699.999, 007, 16, 2700.001, 007, 17, 2699.999, , , , , , , , , , , , 
0, 93, 000093, 000093, 10, 1, 1, 2, 4, 8, 10, 99, 4096, 16,  Intel(R) Xeon(R) Gold 6258R CPU @ 2.70GHz,  39424,  28, -1, 100000, 803679708968050, 34890430464, 9223372036854771712, 00370181, 00369410, 00000164, 00000000, 00000000, 00000000, 00000000, 00000000, 007, 2, 2699.999, 007, 3, 2700.001, 007, 4, 2699.998, 007, 5, 2700.000, 007, 6, 2700.000, 006, 7, 2700.000, 007, 8, 2700.000, 007, 9, 2700.000, 007, 10, 2699.999, 006, 11, 2700.000, 007, 12, 2700.000, 007, 13, 2700.000, 007, 14, 2700.000, 007, 15, 2700.000, 004, 16, 2700.000, 007, 17, 2699.999, , , , , , , , , , , , 
